year,giver,recipient
2025,MrJamin,Fallen
2025,MNKr,SpartanSweed
2025,Emp Frosty,MrJamin
2025,N8TEBB,Marinesniper
2025,SSG Lord Bert,Rickrtickr
2025,SigmaProps,N8TEBB
2025,rickrtickr,Emp Frosty
2025,Fallen,NobleofDeath16
2025,Wraith0912,CherriDragon
2025,SpartanSweed,Spartan4204
2025,SSG Lord Erne,Wraith0912
2025,Marinesniper,SSGLordErne
2025,NobleofDeath16,Bloxxer
2025,Randomname52,Alhoida
2025,CherriDragon,Randomname52
2025,Spartan4204,SSGLordBert
2025,Bloxxer,SigmaProps
2025,Alhoida,MNKr
